Type,Value,Keyword
Email,quot@ions.back,Dropper Bottles in Delhi
Phone,+91 91274 69539,Dropper Bottles in Delhi
Phone,+91 91285 52198,Dropper Bottles in Delhi
Phone,+91 91206 78427,Dropper Bottles in Delhi
Phone,+919128513921,Dropper Bottles in Delhi
Phone,+919128542391,Dropper Bottles in Delhi
Phone,+919128515185,Dropper Bottles in Delhi
Phone,+919128508204,Dropper Bottles in Delhi
Phone,+919126356481,Dropper Bottles in Delhi
Phone,+91 91285 10339,Dropper Bottles in Delhi
Phone,+919122924085,Dropper Bottles in Delhi
Phone,+919128504374,Dropper Bottles in Delhi
Phone,+919128539040,Dropper Bottles in Delhi
Phone,+919122501132,Dropper Bottles in Delhi
Phone,+918920068400,Dropper Bottles in Delhi
Phone,+919122504170,Dropper Bottles in Delhi
Phone,+91 91263 57036,Dropper Bottles in Delhi
Phone,+91 91285 13919,Dropper Bottles in Delhi
Phone,+919122518095,Dropper Bottles in Delhi
Phone,+919122501121,Dropper Bottles in Delhi
Phone,+91 91285 45218,Dropper Bottles in Delhi
Phone,+91 91238 09089,Dropper Bottles in Delhi
Phone,+919126357641,Dropper Bottles in Delhi
Phone,+919123809081,Dropper Bottles in Delhi
Phone,+919128557080,Dropper Bottles in Delhi
Phone,+919128505273,Dropper Bottles in Delhi
Phone,+919120678431,Dropper Bottles in Delhi
Phone,+919122924344,Dropper Bottles in Delhi
Phone,+91 91225 01116,Dropper Bottles in Delhi
Phone,+91 91285 17218,Dropper Bottles in Delhi
Phone,+919128515184,Dropper Bottles in Delhi
Phone,+919128513122,Dropper Bottles in Delhi
Phone,+91 91263 57648,Dropper Bottles in Delhi
Phone,+91 91285 07618,Dropper Bottles in Delhi
Phone,+91 91285 13918,Dropper Bottles in Delhi
Phone,+91 91285 11546,Dropper Bottles in Delhi
Phone,+919128508310,Dropper Bottles in Delhi
Phone,+918048606480,Dropper Bottles in Delhi
Phone,+919128513080,Dropper Bottles in Delhi
Phone,+91 91238 09077,Dropper Bottles in Delhi
Phone,+919123705210,Dropper Bottles in Delhi
Phone,+919128515182,Dropper Bottles in Delhi
Phone,+91 91224 97156,Dropper Bottles in Delhi
Phone,+919128513923,Dropper Bottles in Delhi
Phone,+919126357680,Dropper Bottles in Delhi
Phone,+918048602555,Dropper Bottles in Delhi
Phone,+919126356773,Dropper Bottles in Delhi
Phone,+919122946563,Dropper Bottles in Delhi
Phone,+91 91285 08886,Dropper Bottles in Delhi
Phone,+91 91263 57048,Dropper Bottles in Delhi
Phone,+919126356555,Dropper Bottles in Delhi
Phone,+919128565633,Dropper Bottles in Delhi
